T_eul_PS82_313	eul
T_eul_PS82_314	eul
T_eul_PS82_315	eul
T_eul_PS82_317	eul
T_sco_PS96_229	sco
T_loe_PS96_213	loe
T_sco_PS82_328	sco
T_lep_PS82_346	lep
T_loe_PS82_348	loe
T_lep_PS82_356	lep
T_sco_PS82_371	sco
T_sco_PS82_372	sco
T_sco_PS82_373	sco
T_new_KG1_01	new
T_new_KG1_02	new
T_han_SG1_04	han
T_loe_PS96_346	loe
T_loe_PS96_347	loe
T_eul_PS82_357	eul
T_eul_PS82_360	eul
T_eul_PS82_361	eul
T_eul_PS82_474	eul
T_eul_PS82_479	eul
T_eul_SO_489	eul
T_new_JRI_01	new
T_new_JRI_03	new
T_new_JRI_04	new
T_new_JRI_05	new
T_new_JRI_06	new
T_new_JRI_07	new
T_new_JRI_08	new
T_new_JRI_09	new
T_loe_ROS_1484	loe
T_loe_ROS_1485	loe
T_loe_ROS_1486	loe
T_loe_ROS_1487	loe
T_loe_ROS_1488	loe
T_loe_ROS_1490	loe
Tre_new_JR_SO_52_36	new
Tre_new_JR_SO_52_35	new
T_sco_Desvignes_02	sco
T_sco_Desvignes_03	sco
T_sco_Desvignes_04	sco
TA_506_TRNE_4	new
TA_506_TRNE_5	new
TA_508_TRNE_4	new
Tre_new_JR_SO_52_25	new
Tre_new_JR_SO_52_26	new
Tre_new_JR_NKG_15_01	new
Tre_new_JR_NKG_15_02	new
Tre_new_JR_NKG_15_03	new
Tre_new_JR_NKG_15_04	new
Tre_new_JR_NKG_15_05	new
Tre_new_JR_NKG_15_06	new
Tre_new_JR_NKG_15_07	new
Tre_new_JR_NKG_15_08	new
Tre_new_JR_NKG_15_09	new
Tre_new_JR_NKG_15_10	new
Tre_new_JR_NKG_15_11	new
Tre_new_JR_NKG_15_12	new
Tre_new_JR_NKG_15_3	new
Tre_new_JR_NKG_15_14	new
Tre_new_JR_NKG_15_15	new
Tre_new_JR_NKG_15_16	new
T_eul_PS82_318	eul
T_eul_PS82_3351	eul
T_eul_PS82_3488	eul
T_eul_PS82_303	eul
T_eul_PS82_305	eul
T_eul_PS82_306	eul
T_eul_PS82_307	eul
T_eul_PS82_308	eul
T_eul_PS82_232	eul
T_eul_PS82_233	eul
T_eul_PS82_234	eul
T_eul_PS82_235	eul
T_eul_PS82_237	eul
T_sco_PS96_212	sco
T_loe_PS82_440	loe
T_sco_PS96_077	sco
T_loe_PS96_240	loe
T_eul_PS82_310	eul
T_eul_PS82_311	eul
T_eul_PS82_312	eul
T_eul_PS82_310_b	eul
T_eul_PS82_311_b	eul
T_eul_PS82_312_b	eul
